

<beans
 xmlns="http://www.springframework.org/schema/beans"
       xmlns:xsi="http://www.w3.org/2001/XMLSchema-instance"
       xmlns:context="http://www.springframework.org/schema/context"
       xsi:schemaLocation="http://www.springframework.org/schema/beans 
           http://www.springframework.org/schema/beans/spring-beans-3.0.xsd
           http://www.springframework.org/schema/context
           http://www.springframework.org/schema/context/spring-context-3.0.xsd">



  <bean id="students" class="hhh.niit.objectinjection.Students" name="xyz">
  <property name="s1"  ref="std1"></property>
   <property name="s2"  ref="std2"></property>
      <property name="s3"  ref="std3"></property>
         <property name="s4"  ref="std4"></property>
  </bean>
               
           
           
<bean id="std1" class="hhh.niit.objectinjection.Student">
<property name="name" value="haris"></property>
<property name="marks" value="67"></property>
</bean>

<bean id="std2" class= "hhh.niit.objectinjection.Student">
<property name="name" value="varma"></property>
<property name="marks" value="77"></property>
</bean>

<bean id="std3" class="hhh.niit.objectinjection.Student">
<property name="name" value="ajay"></property>
<property name="marks" value="34"></property>
</bean>

<bean id="std4" class="hhh.niit.objectinjection.Student">
<property name="name" value="naveen"></property>
<property name="marks" value="17"></property>
</bean>


<alias name="students" alias="abc"/>
           

 







</beans>